user.tbalestr.MuonJetsMinBias.D3PD.2015.02.26.v01.193321/,
user.tbalestr.MuonJetsMinBias.D3PD.2015.02.26.v01.193295/,
user.tbalestr.MuonJetsMinBias.D3PD.2015.02.26.v01.193294/,
user.tbalestr.MuonJetsMinBias.D3PD.2015.02.26.v01.193291/,
user.tbalestr.MuonJetsMinBias.D3PD.2015.02.26.v01.193270/,
user.tbalestr.MuonJetsMinBias.D3PD.2015.02.26.v01.193546/,
user.tbalestr.MuonJetsMinBias.D3PD.2015.02.26.v01.193463/,
user.tbalestr.MuonJetsMinBias.D3PD.2015.02.26.v01.193447/,
user.tbalestr.MuonJetsMinBias.D3PD.2015.02.26.v01.193412/,
user.tbalestr.MuonJetsMinBias.D3PD.2015.02.26.v01.193411/,
user.tbalestr.MuonJetsMinBias.D3PD.2015.02.26.v01.193403/,
user.tbalestr.MuonJetsMinBias.D3PD.2015.02.26.v01.193402/,
user.tbalestr.MuonJetsMinBias.D3PD.2015.02.26.v01.193604/,
user.tbalestr.MuonJetsMinBias.D3PD.2015.02.26.v01.193641/,
user.tbalestr.MuonJetsMinBias.D3PD.2015.02.26.v01.193687/,
user.tbalestr.MuonJetsMinBias.D3PD.2015.02.26.v01.193718/,
user.tbalestr.MuonJetsMinBias.D3PD.2015.02.26.v01.193823/,
user.tbalestr.MuonJetsMinBias.D3PD.2015.02.26.v01.194060/,
user.tbalestr.MuonJetsMinBias.D3PD.2015.02.26.v01.194121/,
user.tbalestr.MuonJetsMinBias.D3PD.2015.02.26.v01.194179/,
user.tbalestr.MuonJetsMinBias.D3PD.2015.02.26.v01.194192/,
user.tbalestr.MuonJetsMinBias.D3PD.2015.02.26.v01.194193/,
user.tbalestr.MuonJetsMinBias.D3PD.2015.02.26.v01.194382/,
user.tbalestr.MuonJetsMinBias.D3PD.2015.02.26.v01.194374/,
user.tbalestr.MuonJetsMinBias.D3PD.2015.02.26.v01.194370/,
user.tbalestr.MuonJetsMinBias.D3PD.2015.02.26.v01.194287/,
user.tbalestr.MuonJetsMinBias.D3PD.2015.02.26.v01.194163/,
user.tbalestr.MuonJetsMinBias.D3PD.2015.02.26.v01.194160/,
user.tbalestr.MuonJetsMinBias.D3PD.2015.02.26.v01.194079/,
user.tbalestr.MuonJetsMinBias.D3PD.2015.02.26.v01.194061/,
user.tbalestr.MuonJetsMinBias.D3PD.2015.02.26.v01.194017/,
user.tbalestr.MuonJetsMinBias.D3PD.2015.02.26.v01.193834/,
user.tbalestr.MuonJetsMinBias.D3PD.2015.02.26.v01.193826/,
user.tbalestr.MuonJetsMinBias.D3PD.2015.02.26.v01.193825/,
user.tbalestr.MuonJetsMinBias.D3PD.2015.02.26.v01.193599/,
user.tbalestr.MuonJetsMinBias.D3PD.2015.02.26.v01.193558/,
user.tbalestr.MuonJetsMinBias.D3PD.2015.02.26.v01.193662/,
user.tbalestr.MuonJetsMinBias.D3PD.2015.02.26.v01.193679/,
user.tbalestr.MuonJetsMinBias.D3PD.2015.02.26.v01.193890/,
user.tbalestr.MuonJetsMinBias.D3PD.2015.02.26.v01.193481/,
user.tbalestr.MuonJetsMinBias.D3PD.2015.02.26.v01.193491/,
user.tbalestr.MuonJetsMinBias.D3PD.2015.02.26.v01.193492/,
user.tbalestr.MuonJetsMinBias.D3PD.2015.02.26.v01.193493/,
user.tbalestr.MuonJetsMinBias.D3PD.2015.02.26.v01.193494/,
user.tbalestr.MuonJetsMinBias.D3PD.2015.02.26.v01.193655/,
user.tbalestr.MuonJetsMinBias.D3PD.2015.02.26.v01.193795/,
user.tbalestr.MuonJetsMinBias.D3PD.2015.02.26.v01.193211/,
