user.tbalestr.MuonJetsHardProbes.D3PD.Slimmed.2013.03.06.v02.193321/,
user.tbalestr.MuonJetsHardProbes.D3PD.Slimmed.2013.03.06.v02.193295/,
user.tbalestr.MuonJetsHardProbes.D3PD.Slimmed.2013.03.06.v02.193294/,
user.tbalestr.MuonJetsHardProbes.D3PD.Slimmed.2013.03.06.v02.193291/,
user.tbalestr.MuonJetsHardProbes.D3PD.Slimmed.2013.03.06.v02.193270/,
user.tbalestr.MuonJetsHardProbes.D3PD.Slimmed.2013.03.06.v02.193546/,
user.tbalestr.MuonJetsHardProbes.D3PD.Slimmed.2013.03.06.v02.193463/,
user.tbalestr.MuonJetsHardProbes.D3PD.Slimmed.2013.03.06.v02.193447/,
user.tbalestr.MuonJetsHardProbes.D3PD.Slimmed.2013.03.06.v02.193412/,
user.tbalestr.MuonJetsHardProbes.D3PD.Slimmed.2013.03.06.v02.193411/,
user.tbalestr.MuonJetsHardProbes.D3PD.Slimmed.2013.03.06.v02.193403/,
user.tbalestr.MuonJetsHardProbes.D3PD.Slimmed.2013.03.06.v02.193402/,
user.tbalestr.MuonJetsHardProbes.D3PD.Slimmed.2013.03.06.v02.193604/,
user.tbalestr.MuonJetsHardProbes.D3PD.Slimmed.2013.03.06.v02.193641/,
user.tbalestr.MuonJetsHardProbes.D3PD.Slimmed.2013.03.06.v02.193687/,
user.tbalestr.MuonJetsHardProbes.D3PD.Slimmed.2013.03.06.v02.193718/,
user.tbalestr.MuonJetsHardProbes.D3PD.Slimmed.2013.03.06.v02.193823/,
user.tbalestr.MuonJetsHardProbes.D3PD.Slimmed.2013.03.06.v02.194060/,
user.tbalestr.MuonJetsHardProbes.D3PD.Slimmed.2013.03.06.v02.194121/,
user.tbalestr.MuonJetsHardProbes.D3PD.Slimmed.2013.03.06.v02.194179/,
user.tbalestr.MuonJetsHardProbes.D3PD.Slimmed.2013.03.06.v02.194192/,
user.tbalestr.MuonJetsHardProbes.D3PD.Slimmed.2013.03.06.v02.194193/,
user.tbalestr.MuonJetsHardProbes.D3PD.Slimmed.2013.03.06.v02.194382/,
user.tbalestr.MuonJetsHardProbes.D3PD.Slimmed.2013.03.06.v02.194374/,
user.tbalestr.MuonJetsHardProbes.D3PD.Slimmed.2013.03.06.v02.194370/,
user.tbalestr.MuonJetsHardProbes.D3PD.Slimmed.2013.03.06.v02.194287/,
user.tbalestr.MuonJetsHardProbes.D3PD.Slimmed.2013.03.06.v02.194163/,
user.tbalestr.MuonJetsHardProbes.D3PD.Slimmed.2013.03.06.v02.194160/,
user.tbalestr.MuonJetsHardProbes.D3PD.Slimmed.2013.03.06.v02.194079/,
user.tbalestr.MuonJetsHardProbes.D3PD.Slimmed.2013.03.06.v02.194061/,
user.tbalestr.MuonJetsHardProbes.D3PD.Slimmed.2013.03.06.v02.194017/,
user.tbalestr.MuonJetsHardProbes.D3PD.Slimmed.2013.03.06.v02.193834/,
user.tbalestr.MuonJetsHardProbes.D3PD.Slimmed.2013.03.06.v02.193826/,
user.tbalestr.MuonJetsHardProbes.D3PD.Slimmed.2013.03.06.v02.193825/,
user.tbalestr.MuonJetsHardProbes.D3PD.Slimmed.2013.03.06.v02.193599/,
user.tbalestr.MuonJetsHardProbes.D3PD.Slimmed.2013.03.06.v02.193558/,
user.tbalestr.MuonJetsHardProbes.D3PD.Slimmed.2013.03.06.v02.193662/,
user.tbalestr.MuonJetsHardProbes.D3PD.Slimmed.2013.03.06.v02.193679/,
user.tbalestr.MuonJetsHardProbes.D3PD.Slimmed.2013.03.06.v02.193890/,
user.tbalestr.MuonJetsHardProbes.D3PD.Slimmed.2013.03.06.v02.193481/,
user.tbalestr.MuonJetsHardProbes.D3PD.Slimmed.2013.03.06.v02.193491/,
user.tbalestr.MuonJetsHardProbes.D3PD.Slimmed.2013.03.06.v02.193492/,
user.tbalestr.MuonJetsHardProbes.D3PD.Slimmed.2013.03.06.v02.193493/,
user.tbalestr.MuonJetsHardProbes.D3PD.Slimmed.2013.03.06.v02.193494/,
user.tbalestr.MuonJetsHardProbes.D3PD.Slimmed.2013.03.06.v02.193655/,
user.tbalestr.MuonJetsHardProbes.D3PD.Slimmed.2013.03.06.v02.193795/,
user.tbalestr.MuonJetsHardProbes.D3PD.Slimmed.2013.03.06.v02.193211/,
